<?xml version="1.0"?>
<doc>
    <assembly>
        <name>Abarnathy.DemographicsService</name>
    </assembly>
    <members>
        <member name="M:Abarnathy.DemographicsService.Controllers.PatientController.Get">
            <summary>
            Gets all Patient entities as InputModels.
            </summary>
            <returns></returns>
            <response code="200">Request OK, return results.</response>
            <response code="204">Request OK, no results to return.</response>
        </member>
        <member name="M:Abarnathy.DemographicsService.Controllers.PatientController.Get(System.Int32)">
            <summary>
            Gets a single Patient entity as an InputModel by the entity's ID.
            </summary>
            <param name="id"></param>
            <returns></returns>
            <response code="200">Request OK, return result.</response>
            <response code="400">Malformed request (bad ID).</response>
        </member>
        <member name="M:Abarnathy.DemographicsService.Controllers.PatientController.Post(Abarnathy.DemographicsService.Models.PatientDTO)">
            <summary>
            Creates a new Patient entity.
            </summary>
            <param name="model"></param>
            <returns></returns>
            <response code="201">The entity was successfully created.</response>
            <response code="400">Malformed request (arg null).</response>
        </member>
        <member name="M:Abarnathy.DemographicsService.Infrastructure.ApplicationBuilderExtensions.ApplyMigrations(Microsoft.AspNetCore.Builder.IApplicationBuilder)">
            <summary>
            Applies initial schema migration, if necessary.
            </summary>
            <param name="app"></param>
        </member>
        <member name="M:Abarnathy.DemographicsService.Infrastructure.ApplicationBuilderExtensions.UseForwardedHeaders(Microsoft.AspNetCore.Builder.IApplicationBuilder)">
            <summary>
            Configure forwarded headers.
            </summary>
            <param name="app"></param>
        </member>
        <member name="M:Abarnathy.DemographicsService.Infrastructure.ApplicationBuilderExtensions.UseSwaggerUI(Microsoft.AspNetCore.Builder.IApplicationBuilder)">
            <summary>
            Configure Swagger UI.
            </summary>
            <param name="app"></param>
        </member>
        <member name="M:Abarnathy.DemographicsService.Infrastructure.ApplicationBuilderExtensions.UseCustomExceptionHandler(Microsoft.AspNetCore.Builder.IApplicationBuilder)">
            <summary>
            Configures the global exception handler middleware.
            </summary>
            <param name="app"></param>
        </member>
        <member name="M:Abarnathy.DemographicsService.Infrastructure.Extensions.EntityExtensions.ValueEquals(Abarnathy.DemographicsService.Models.Patient,System.Object)">
            <summary>
            Determines value equivalence between two <see cref="T:Abarnathy.DemographicsService.Models.Patient"/> entities 
            by comparing the GivenName, FamilyName, SexId, and DateOfBirth properties.
            </summary>
            <param name="entity"></param>
            <param name="obj">The object against which to compare.</param>
            <returns>The boolean result of the value comparison.</returns>
        </member>
        <member name="M:Abarnathy.DemographicsService.Infrastructure.Extensions.EntityExtensions.ValueEquals(Abarnathy.DemographicsService.Models.Address,System.Object)">
            <summary>
            Determine value equivalence between two <see cref="T:Abarnathy.DemographicsService.Models.Address"/> entities 
            by comparing the StreetName, HouseNumber, Town, State, and ZipCode properties.
            </summary>
            <param name="entity"></param>
            <param name="obj">The object against which to compare.</param>
            <returns>The boolean result of the value comparison.</returns>
        </member>
        <member name="M:Abarnathy.DemographicsService.Infrastructure.Extensions.EntityExtensions.ValueEquals(Abarnathy.DemographicsService.Models.PhoneNumber,System.Object)">
            <summary>
            Determine value equivalence between two <see cref="T:Abarnathy.DemographicsService.Models.PhoneNumber"/> entities 
            by comparing the Number property.
            </summary>
            <param name="entity"></param>
            <param name="obj">The object against which to compare.</param>
            <returns>The boolean result of the value comparison.</returns>
        </member>
        <member name="M:Abarnathy.DemographicsService.Infrastructure.Extensions.EntityExtensions.NormaliseString(System.String)">
            Helper methods
            
            <summary>
            Given a non-null s
            </summary>
        </member>
        <member name="M:Abarnathy.DemographicsService.Infrastructure.ServiceCollectionExtensions.ConfigureLocalServices(Microsoft.Extensions.DependencyInjection.IServiceCollection)">
            <summary>
            Configures the app's local services.
            </summary>
            <param name="services"></param>
        </member>
        <member name="M:Abarnathy.DemographicsService.Infrastructure.ServiceCollectionExtensions.ConfigureControllers(Microsoft.Extensions.DependencyInjection.IServiceCollection)">
            <summary>
            Configures controllers with action filters,
            and configures and adds FluentValidation.
            </summary>
            <param name="services"></param>
        </member>
        <member name="M:Abarnathy.DemographicsService.Infrastructure.ServiceCollectionExtensions.ConfigureCors(Microsoft.Extensions.DependencyInjection.IServiceCollection)">
            <summary>
            Configures the global CORS policy.
            </summary>
            <param name="services"></param>
        </member>
        <member name="M:Abarnathy.DemographicsService.Infrastructure.ServiceCollectionExtensions.ConfigureDbContext(Microsoft.Extensions.DependencyInjection.IServiceCollection,Microsoft.Extensions.Configuration.IConfiguration)">
            <summary>
            Configures the DbContext.
            </summary>
            <param name="services"></param>
            <param name="configuration"></param>
        </member>
        <member name="M:Abarnathy.DemographicsService.Infrastructure.ServiceCollectionExtensions.ConfigureSwagger(Microsoft.Extensions.DependencyInjection.IServiceCollection)">
            <summary>
            Configures Swagger.
            </summary>
            <param name="services"></param>
        </member>
        <member name="T:Abarnathy.DemographicsService.Infrastructure.MappingProfiles">
            <summary>
            Contains AutoMapper configuration profiles.
            </summary>
        </member>
        <member name="M:Abarnathy.DemographicsService.Infrastructure.MappingProfiles.#ctor">
            <summary>
            Configures AutoMapper mapping profiles.
            </summary>
        </member>
        <member name="T:Abarnathy.DemographicsService.Models.EntityBase">
            <summary>
            Facilitates entity constraint on RepositoryBase.
            </summary>
        </member>
        <member name="M:Abarnathy.DemographicsService.Repositories.AddressRepository.GetByCompleteAddressAsync(Abarnathy.DemographicsService.Models.AddressDTO)">
            <summary>
            
            </summary>
            <param name="dto"></param>
            <returns></returns>
        </member>
        <member name="M:Abarnathy.DemographicsService.Repositories.AddressRepository.NormaliseString(System.String)">
             Helper methods
             
            
        </member>
        <member name="T:Abarnathy.DemographicsService.Repositories.IRepositoryBase`1">
            <summary>
            Provides generic base repository functionality.
            </summary>
            <typeparam name="T"></typeparam>
        </member>
        <member name="T:Abarnathy.DemographicsService.Repositories.IUnitOfWork">
            <summary>
            Maintains a list of objects affected by a business transaction and coordinates the writing out of changes.
            </summary>
        </member>
        <member name="M:Abarnathy.DemographicsService.Repositories.RepositoryBase`1.GetByCondition(System.Linq.Expressions.Expression{System.Func{`0,System.Boolean}})">
            <summary>
            Gets a subset of entity T by a given condition.
            </summary>
            <param name="predicate"></param>
            <returns></returns>
            <exception cref="T:System.ArgumentNullException"></exception>
        </member>
        <member name="M:Abarnathy.DemographicsService.Repositories.RepositoryBase`1.Create(`0)">
            <summary>
            Begin tracking the entity in the Added state.
            </summary>
            <param name="entity"></param>
            <exception cref="T:System.ArgumentNullException"></exception>
        </member>
        <member name="M:Abarnathy.DemographicsService.Repositories.RepositoryBase`1.Update(`0)">
            <summary>
            Begin tracking the entity in the Modified state (generally).
            </summary>
            <param name="entity"></param>
            <exception cref="T:System.ArgumentNullException"></exception>
        </member>
        <member name="M:Abarnathy.DemographicsService.Repositories.RepositoryBase`1.Delete(`0)">
            <summary>
            Begins tracking the entity in the Deleted state.
            </summary>
            <param name="entity"></param>
            <exception cref="T:System.ArgumentNullException"></exception>
        </member>
        <member name="T:Abarnathy.DemographicsService.Services.PatientService">
            <summary>
            Patient entity domain logic. 
            </summary>
        </member>
        <member name="M:Abarnathy.DemographicsService.Services.PatientService.GetInputModelById(System.Int32)">
            <summary>
            Asynchronously gets a Patient entity (including its relations) by ID
            and returns it as an InputModel.
            </summary>
            <param name="id"></param>
            <returns></returns>
            <exception cref="T:System.ArgumentOutOfRangeException"></exception>
        </member>
        <member name="M:Abarnathy.DemographicsService.Services.PatientService.GetInputModelsAll">
            <summary>
            Asynchronously get all Patient entities (including their relations) by ID
            and returns it as an InputModel.
            </summary>
            <returns></returns>
        </member>
        <member name="M:Abarnathy.DemographicsService.Services.PatientService.Create(Abarnathy.DemographicsService.Models.PatientDTO)">
            <summary>
            Asynchronously creates a new Patient entity and persists it to the DB.
            </summary>
            <param name="model"></param>
            <returns></returns>
            <exception cref="T:System.ArgumentNullException"></exception>
        </member>
        <member name="M:Abarnathy.DemographicsService.Services.PatientService.Update(System.Int32,Abarnathy.DemographicsService.Models.PatientDTO)">
            <summary>
            Updates a Patient entity and persists any changes made to the DB.
            </summary>
            <param name="id"></param>
            <param name="model"></param>
            <exception cref="T:System.NotImplementedException"></exception>
        </member>
    </members>
</doc>
